-- Insert into S22_S003_15_CUSTOMER table 
INSERT INTO S22_S003_15_CUSTOMER (Cust_ID, First_Name, Last_Name, Email, Phone_Number, DateofBirth, Addr) VALUES (500001, 'Prithviraj', 'Eswaramoorthy', 'Prithviraj@gmail.com', 6824321901, TO_DATE('17/12/1999', 'DD/MM/YYYY'), '417 Summit Ave, Arlington, Texas, 76013');
INSERT INTO S22_S003_15_CUSTOMER (Cust_ID, First_Name, Last_Name, Email, Phone_Number, DateofBirth, Addr) VALUES (500002, 'Sujit', 'raj', 'sujitraj@gmail.com', 6824321902, TO_DATE('18/12/1998', 'DD/MM/YYYY'), '417 Summit Ave, Arlington, Texas, 76013');
INSERT INTO S22_S003_15_CUSTOMER (Cust_ID, First_Name, Last_Name, Email, Phone_Number, DateofBirth, Addr) VALUES (500003, 'Vandhana', 'Manivannan', 'Vandhana@gmail.com', 6824321903, TO_DATE('19/11/1997', 'DD/MM/YYYY'), '417 Summit Ave, Arlington, Texas, 76013');
INSERT INTO S22_S003_15_CUSTOMER (Cust_ID, First_Name, Last_Name, Email, Phone_Number, DateofBirth, Addr) VALUES (500004, 'Emelia', 'Sanderson', 'Emelia@gmail.com', 3906359925, TO_DATE('17/10/1985', 'DD/MM/YYYY'), '1044 Hauck Shoal, Apt. 297, 29367, Welchmouth, Arizona, United States');
INSERT INTO S22_S003_15_CUSTOMER (Cust_ID, First_Name, Last_Name, Email, Phone_Number, DateofBirth, Addr) VALUES (500005, 'John', 'Palmer', 'John@gmail.com', 4129717548, TO_DATE('17/12/1997', 'DD/MM/YYYY'), '62326 Cleveland Meadow, Suite 906, 72394-4706, Port Cordiamouth, Michigan, United States');
INSERT INTO S22_S003_15_CUSTOMER (Cust_ID, First_Name, Last_Name, Email, Phone_Number, DateofBirth, Addr) VALUES (500006, 'Sheldon', 'Cooper', 'Sheldon@gmail.com', 2637039978, TO_DATE('25/10/1985', 'DD/MM/YYYY'), '1018 Ryder Greens, Suite 406, 80251, New Minervaview, Colorado, United States');
INSERT INTO S22_S003_15_CUSTOMER (Cust_ID, First_Name, Last_Name, Email, Phone_Number, DateofBirth, Addr) VALUES (500007, 'Joseph', 'Valencia', 'Joseph@gmail.com', 8350982537, TO_DATE('16/07/1997', 'DD/MM/YYYY'), '7423 Daren Ferry, Suite 832, 31736-6972, Stehrburgh, Alaska, United States');
INSERT INTO S22_S003_15_CUSTOMER (Cust_ID, First_Name, Last_Name, Email, Phone_Number, DateofBirth, Addr) VALUES (500008, 'Elmer', 'Coleman', 'Elmer@gmail.com', 1617955421, TO_DATE('16/02/1995', 'DD/MM/YYYY'), '239 Miller Mount, Apt. 990, 78224-6513, East Flossieside, Wisconsin, United States');
INSERT INTO S22_S003_15_CUSTOMER (Cust_ID, First_Name, Last_Name, Email, Phone_Number, DateofBirth, Addr) VALUES (500009, 'Hamzah', 'Alvarado', 'Hamzah@gmail.com', 6502305156, TO_DATE('16/07/1999', 'DD/MM/YYYY'), '4260 Bonita Lodge, Suite 604, 20489, Port Ferne, Tennessee, United States');
INSERT INTO S22_S003_15_CUSTOMER (Cust_ID, First_Name, Last_Name, Email, Phone_Number, DateofBirth, Addr) VALUES (500010, 'Tobias', 'Williams', 'Tobias@gmail.com', 6937042941, TO_DATE('20/07/1995', 'DD/MM/YYYY'), '62502 Champlin Spur, Suite 841, 76216, Davinberg, Massachusetts, United States');
INSERT INTO S22_S003_15_CUSTOMER (Cust_ID, First_Name, Last_Name, Email, Phone_Number, DateofBirth, Addr) VALUES (500011, 'Samuel', 'Kaye', 'Samuel@gmail.com', 8142473459, TO_DATE('02/12/1995', 'DD/MM/YYYY'), '789 Crona Locks, Suite 203, 44190-5019, Davidfort, Virginia, United States');
INSERT INTO S22_S003_15_CUSTOMER (Cust_ID, First_Name, Last_Name, Email, Phone_Number, DateofBirth, Addr) VALUES (500012, 'Casey', 'Harris', 'Casey@gmail.com', 4477052354, TO_DATE('11/02/1995', 'DD/MM/YYYY'), '900 Antwon Viaduct, Apt. 187, 81583-0611, West Alexys, Massachusetts, United States');
INSERT INTO S22_S003_15_CUSTOMER (Cust_ID, First_Name, Last_Name, Email, Phone_Number, DateofBirth, Addr) VALUES (500013, 'Otis', 'Fernandez', 'Otis@gmail.com', 4962270103, TO_DATE('20/07/1990', 'DD/MM/YYYY'), '02399 Elton Forks, Suite 565, 70629-0666, South Alvina, Kansas, United States');
INSERT INTO S22_S003_15_CUSTOMER (Cust_ID, First_Name, Last_Name, Email, Phone_Number, DateofBirth, Addr) VALUES (500014, 'Sally', 'Clark', 'Sally@gmail.com', 8136012235, TO_DATE('17/12/1999', 'DD/MM/YYYY'), '12077 Goodwin Forge, Suite 869, 05865, Dooleyshire, Iowa, United States');
INSERT INTO S22_S003_15_CUSTOMER (Cust_ID, First_Name, Last_Name, Email, Phone_Number, DateofBirth, Addr) VALUES (500015, 'Ava', 'Graham', 'Ava@gmail.com', 4702612824, TO_DATE('25/12/2015', 'DD/MM/YYYY'), '3150 Myah Ville, Apt. 611, 83070-7667, Sheilaland, New Mexico, United States');
INSERT INTO S22_S003_15_CUSTOMER (Cust_ID, First_Name, Last_Name, Email, Phone_Number, DateofBirth, Addr) VALUES (500016, 'Millie', 'Howell', 'Millie@gmail.com', 0286758733, TO_DATE('02/12/1995', 'DD/MM/YYYY'), '4810 Edd Harbors, Apt. 395, 00613, New Amira, Kansas, United States');
INSERT INTO S22_S003_15_CUSTOMER (Cust_ID, First_Name, Last_Name, Email, Phone_Number, DateofBirth, Addr) VALUES (500017, 'Roxanne', 'Cooper', 'Roxanne@gmail.com', 2419462937, TO_DATE('02/11/1995', 'DD/MM/YYYY'), '1054 Tad Cape, Apt. 052, 03722, Bartonstad, Wyoming, United States');
INSERT INTO S22_S003_15_CUSTOMER (Cust_ID, First_Name, Last_Name, Email, Phone_Number, DateofBirth, Addr) VALUES (500018, 'Anna', 'Doyle', 'Anna@gmail.com', 0305287100, TO_DATE('17/12/2015', 'DD/MM/YYYY'), '2401 Bart Overpass, Apt. 910, 02707-7170, North Lenny, Indiana, United States');
INSERT INTO S22_S003_15_CUSTOMER (Cust_ID, First_Name, Last_Name, Email, Phone_Number, DateofBirth, Addr) VALUES (500019, 'Maryam', 'Griffin', 'Maryam@gmail.com', 7731645997, TO_DATE('25/02/2015', 'DD/MM/YYYY'), '2779 Ward Mountains, Apt. 014, 70703-6558, Lindgrenside, Montana, United States');
INSERT INTO S22_S003_15_CUSTOMER (Cust_ID, First_Name, Last_Name, Email, Phone_Number, DateofBirth, Addr) VALUES (500020, 'Paige', 'Moss', 'Paige@gmail.com', 8062564804 , TO_DATE('20/02/1998', 'DD/MM/YYYY'), '73 Sycamore Field, Harlow CM19 5RU');
INSERT INTO S22_S003_15_CUSTOMER (Cust_ID, First_Name, Last_Name, Email, Phone_Number, DateofBirth, Addr) VALUES (500021, 'Jacqueline', 'Kelley', 'Jacqueline@gmail.com', 9789176015 , TO_DATE('17/11/1998', 'DD/MM/YYYY'), 'Flat 12, Cedars Court, 1 Clarence Lane, London SW15 4PN');
INSERT INTO S22_S003_15_CUSTOMER (Cust_ID, First_Name, Last_Name, Email, Phone_Number, DateofBirth, Addr) VALUES (500022, 'Abby', 'Dominguez', 'Abby@gmail.com', 2649444185 , TO_DATE('16/10/1998', 'DD/MM/YYYY'), '1 Gentry Gardens, London E13 8BS');
INSERT INTO S22_S003_15_CUSTOMER (Cust_ID, First_Name, Last_Name, Email, Phone_Number, DateofBirth, Addr) VALUES (500023, 'Constance', 'Cobb', 'Constance@gmail.com', 7274130080 , TO_DATE('17/01/1998', 'DD/MM/YYYY'), '46 Westminster Way, Oxford OX2 0LW');
INSERT INTO S22_S003_15_CUSTOMER (Cust_ID, First_Name, Last_Name, Email, Phone_Number, DateofBirth, Addr) VALUES (500024, 'Musa', 'Potter', 'Musa@gmail.com', 8089511460 , TO_DATE('20/12/2015', 'DD/MM/YYYY'), 'Ffridd, Roman Bridge LL25 0JQ');
INSERT INTO S22_S003_15_CUSTOMER (Cust_ID, First_Name, Last_Name, Email, Phone_Number, DateofBirth, Addr) VALUES (500025, 'Ebony', 'Brown', 'Ebony@gmail.com', 0014433742 , TO_DATE('17/07/2015', 'DD/MM/YYYY'), '389 Harden Road, Leamore WS3 1RR');
INSERT INTO S22_S003_15_CUSTOMER (Cust_ID, First_Name, Last_Name, Email, Phone_Number, DateofBirth, Addr) VALUES (500026, 'Ivan', 'Mejia', 'Ivan@gmail.com', 7794530988 , TO_DATE('20/11/1997', 'DD/MM/YYYY'), '57 Grey Street, North Shields NE30 2EF');
INSERT INTO S22_S003_15_CUSTOMER (Cust_ID, First_Name, Last_Name, Email, Phone_Number, DateofBirth, Addr) VALUES (500027, 'Kira', 'Reyes', 'Kira@gmail.com', 0134022113 , TO_DATE('25/12/1985', 'DD/MM/YYYY'), 'Erw Bant, Llanbedrgoch LL76 8SX');
INSERT INTO S22_S003_15_CUSTOMER (Cust_ID, First_Name, Last_Name, Email, Phone_Number, DateofBirth, Addr) VALUES (500028, 'Mitchell', 'Maxwell', 'Mitchell@gmail.com', 7630782705 , TO_DATE('17/12/1999', 'DD/MM/YYYY'), '55293 Regan Loop, Suite 281, 76563, Murrayville, Wyoming, United States');
INSERT INTO S22_S003_15_CUSTOMER (Cust_ID, First_Name, Last_Name, Email, Phone_Number, DateofBirth, Addr) VALUES (500029, 'Eugene', 'Garner', 'Eugene@gmail.com', 0478268183, TO_DATE('02/10/1990', 'DD/MM/YYYY'), '43801 Lehner Via, Suite 222, 14399, Ryanside, North Dakota, United States');
INSERT INTO S22_S003_15_CUSTOMER (Cust_ID, First_Name, Last_Name, Email, Phone_Number, DateofBirth, Addr) VALUES (500030, 'Jim', 'Mitchell', 'Jim@gmail.com', 1146946799, TO_DATE('17/01/2015', 'DD/MM/YYYY'), '96748 Strosin Crossing, Apt. 449, 93189-3350, Lake Estellmouth, Mississippi, United States');
INSERT INTO S22_S003_15_CUSTOMER (Cust_ID, First_Name, Last_Name, Email, Phone_Number, DateofBirth, Addr) VALUES (500031, 'Frederick', 'Bailey', 'Frederick@gmail.com', 2396272204, TO_DATE('17/06/1995', 'DD/MM/YYYY'), '96748 Strosin Crossing, Apt. 449, 93189-3350, Lake Estellmouth, Mississippi, United States');
INSERT INTO S22_S003_15_CUSTOMER (Cust_ID, First_Name, Last_Name, Email, Phone_Number, DateofBirth, Addr) VALUES (500032, 'Niall', 'Walsh', 'Niall@gmail.com', 0359732719, TO_DATE('16/11/2015', 'DD/MM/YYYY'), '471 Loyce Station, Apt. 188, 51668-2504, Lake Paytonfurt, Vermont, United States');
INSERT INTO S22_S003_15_CUSTOMER (Cust_ID, First_Name, Last_Name, Email, Phone_Number, DateofBirth, Addr) VALUES (500033, 'Charley', 'Hunter', 'Charley@gmail.com', 6612860705, TO_DATE('17/10/1999', 'DD/MM/YYYY'), '73812 Bauch Courts, Apt. 884, 14887-3679, West Arnulfotown, California, United States');
INSERT INTO S22_S003_15_CUSTOMER (Cust_ID, First_Name, Last_Name, Email, Phone_Number, DateofBirth, Addr) VALUES (500034, 'Maisy', 'Chambers', 'Maisy@gmail.com', 6285169362, TO_DATE('16/06/1990', 'DD/MM/YYYY'), '471 Loyce Station, Apt. 188, 51668-2504, Lake Paytonfurt, Vermont, United States');
INSERT INTO S22_S003_15_CUSTOMER (Cust_ID, First_Name, Last_Name, Email, Phone_Number, DateofBirth, Addr) VALUES (500035, 'Josie', 'Harper', 'Josie@gmail.com', 6952183844, TO_DATE('11/04/1985', 'DD/MM/YYYY'), '73812 Bauch Courts, Apt. 884, 14887-3679, West Arnulfotown, California, United States');
INSERT INTO S22_S003_15_CUSTOMER (Cust_ID, First_Name, Last_Name, Email, Phone_Number, DateofBirth, Addr) VALUES (500036, 'Lana', 'Hanson', 'Lana@gmail.com', 5845996952, TO_DATE('02/04/1990', 'DD/MM/YYYY'), '2413 Alfonzo Village, Apt. 991, 65329, Murlfort, Alaska, United States');
INSERT INTO S22_S003_15_CUSTOMER (Cust_ID, First_Name, Last_Name, Email, Phone_Number, DateofBirth, Addr) VALUES (500037, 'Louisa', 'Williamson', 'Louisa@gmail.com', 2627572782, TO_DATE('17/06/1990', 'DD/MM/YYYY'), '461 Nia Mission, Apt. 822, 06366, New Zoefurt, Arizona, United States');
INSERT INTO S22_S003_15_CUSTOMER (Cust_ID, First_Name, Last_Name, Email, Phone_Number, DateofBirth, Addr) VALUES (500038, 'Jane', 'Peterson', 'Jane@gmail.com', 8167924880, TO_DATE('11/06/1985', 'DD/MM/YYYY'), '953 Ubaldo Viaduct, Suite 384, 85433, Johnathanhaven, Idaho, United States');
INSERT INTO S22_S003_15_CUSTOMER (Cust_ID, First_Name, Last_Name, Email, Phone_Number, DateofBirth, Addr) VALUES (500039, 'Leona', 'Mcgee', 'Leona@gmail.com', 9645095219, TO_DATE('17/04/1990', 'DD/MM/YYYY'), '9205 Ullrich Harbor, Suite 901, 43914-3223, Port Rhoda, Iowa, United States');
INSERT INTO S22_S003_15_CUSTOMER (Cust_ID, First_Name, Last_Name, Email, Phone_Number, DateofBirth, Addr) VALUES (500040, 'Patricia', 'Parks', 'Patricia@gmail.com', 7707800105, TO_DATE('11/04/1999', 'DD/MM/YYYY'), '881 Runolfsdottir Ridges, Suite 914, 97593, Pinkfurt, South Dakota, United States');
INSERT INTO S22_S003_15_CUSTOMER (Cust_ID, First_Name, Last_Name, Email, Phone_Number, DateofBirth, Addr) VALUES (500041, 'Rambo', 'Rocky', 'Rambo@gmail.com', 7707100105, TO_DATE('01/03/1993', 'DD/MM/YYYY'), '883 Runolfsdottir Ridges, Suite 911, 97593, Pinkfurt, South Dakota, United States');
INSERT INTO S22_S003_15_CUSTOMER (Cust_ID, First_Name, Last_Name, Email, Phone_Number, DateofBirth, Addr) VALUES (500042, 'Rahul', 'Raj', 'Rahul@gmail.com', 7707800145, TO_DATE('13/09/1994', 'DD/MM/YYYY'), '885 Runolfsdottir Ridges, Suite 96, 97593, Pinkfurt, South Dakota, United States');


-- Insert values into S22_S003_15_SUPPLIER table 

INSERT INTO S22_S003_15_SUPPLIER (Supplier_ID, Supplier_Name, Phone_Number, Email, Supplier_Addr) VALUES (400001,'Hero',2606809015,'hero@gmail.com', '3944 Domenic Knoll, Suite 088, 48851-6000, New Scottyside, Oregon, United States');
INSERT INTO S22_S003_15_SUPPLIER (Supplier_ID, Supplier_Name, Phone_Number, Email, Supplier_Addr) VALUES (400002,'Bajaj',7238011182,'bajaj@gmail.com', '77973 Mauricio Walk, Suite 519, 80803, North Jordyn, Kansas, United States');
INSERT INTO S22_S003_15_SUPPLIER (Supplier_ID, Supplier_Name, Phone_Number, Email, Supplier_Addr) VALUES (400003,'TVS',4629185622,'tvs@gmail.com', '84673 Justen Creek, Suite 458, 80111-4603, New Angelina, Maine, United States');
INSERT INTO S22_S003_15_SUPPLIER (Supplier_ID, Supplier_Name, Phone_Number, Email, Supplier_Addr) VALUES (400004,'Kawasaki',5743422025,'kawasaki@gmail.com', '229 Pedro Lane, Suite 963, 90517-2362, East Ezequiel, Kansas, United States');
INSERT INTO S22_S003_15_SUPPLIER (Supplier_ID, Supplier_Name, Phone_Number, Email, Supplier_Addr) VALUES (400005,'KTM',9057157811,'ktm@gmail.com', '68396 Noemie Island, Apt. 010, 76981, Prosaccomouth, Montana, United States');
INSERT INTO S22_S003_15_SUPPLIER (Supplier_ID, Supplier_Name, Phone_Number, Email, Supplier_Addr) VALUES (400006,'Royal Enfield',2366232759,'royal@gmail.com', '70362 Ayana Motorway, Apt. 425, 62209-4718, Karleeport, Oklahoma, United States');
INSERT INTO S22_S003_15_SUPPLIER (Supplier_ID, Supplier_Name, Phone_Number, Email, Supplier_Addr) VALUES (400007,'Yamaha',2836425394,'yamaha@gmail.com', '147 Luz Walk, Suite 352, 87743-4998, Kozeyfort, North Dakota, United States');
INSERT INTO S22_S003_15_SUPPLIER (Supplier_ID, Supplier_Name, Phone_Number, Email, Supplier_Addr) VALUES (400008,'Chetak',3643948613,'chetak@gmail.com', '571 Adrien Fort, Apt. 425, 60771-3648, East Buddy, Rhode Island, United States');
INSERT INTO S22_S003_15_SUPPLIER (Supplier_ID, Supplier_Name, Phone_Number, Email, Supplier_Addr) VALUES (400009,'Yezdi',5640000214,'yezdi@gmail.com', '2562 Stamm Motorway, Apt. 443, 29245, East Elsie, Oregon, United States');
INSERT INTO S22_S003_15_SUPPLIER (Supplier_ID, Supplier_Name, Phone_Number, Email, Supplier_Addr) VALUES (400010,'Suzuki',8971138712,'suzuki@gmail.com', '178 Mills Causeway, Apt. 552, 38310, East Lois, Indiana, United States');
INSERT INTO S22_S003_15_SUPPLIER (Supplier_ID, Supplier_Name, Phone_Number, Email, Supplier_Addr) VALUES (400011,'Maruti',0558488873,'maruti@gmail.com', '53907 Haylie Ford, Suite 260, 95499-4499, Gleasonmouth, Illinois, United States');
INSERT INTO S22_S003_15_SUPPLIER (Supplier_ID, Supplier_Name, Phone_Number, Email, Supplier_Addr) VALUES (400012,'Mercedes',2311448157,'mercedes@gmail.com', '801 Nyasia Trafficway, Apt. 394, 25234, Bergnaumborough, Maryland, United States');
INSERT INTO S22_S003_15_SUPPLIER (Supplier_ID, Supplier_Name, Phone_Number, Email, Supplier_Addr) VALUES (400013,'Tesla',6946456479,'tesla@gmail.com', '9762 Neva Ports, Suite 130, 64185, Humbertofurt, Kentucky, United States');
INSERT INTO S22_S003_15_SUPPLIER (Supplier_ID, Supplier_Name, Phone_Number, Email, Supplier_Addr) VALUES (400014,'Ferrari',6312523820,'ferrari@gmail.com', '89912 Freddie Trafficway, Suite 120, 31935, New Gilesside, Mississippi, United States');
INSERT INTO S22_S003_15_SUPPLIER (Supplier_ID, Supplier_Name, Phone_Number, Email, Supplier_Addr) VALUES (400015,'Hyundai',9800931720,'hyundai@gmail.com', '000 Franecki Track, Suite 410, 03832-6624, Edgardostad, Alabama, United States');
INSERT INTO S22_S003_15_SUPPLIER (Supplier_ID, Supplier_Name, Phone_Number, Email, Supplier_Addr) VALUES (400016,'Ford',8140604932,'ford@gmail.com', '36422 Lynch Pine, Suite 751, 49100, New Leone, Tennessee, United States');
INSERT INTO S22_S003_15_SUPPLIER (Supplier_ID, Supplier_Name, Phone_Number, Email, Supplier_Addr) VALUES (400017,'Volkswagen',3835272129,'volkswagen@gmail.com', '50508 Dagmar Spur, Suite 743, 52847, Hildegardberg, Arizona, United States');
INSERT INTO S22_S003_15_SUPPLIER (Supplier_ID, Supplier_Name, Phone_Number, Email, Supplier_Addr) VALUES (400018,'Porsche',4429096567,'porsche@gmail.com', '1785 Jerome Run, Apt. 938, 02543, New Lydaville, Maine, United States');
INSERT INTO S22_S003_15_SUPPLIER (Supplier_ID, Supplier_Name, Phone_Number, Email, Supplier_Addr) VALUES (400019,'Toyota',2228208278,'toyota@gmail.com', '17222 Christiansen Expressway, Suite 034, 29826, New Alexa, Utah, United States');
INSERT INTO S22_S003_15_SUPPLIER (Supplier_ID, Supplier_Name, Phone_Number, Email, Supplier_Addr) VALUES (400020,'Harley',1740940630,'harley@gmail.com', '648 Ortiz Burgs, Apt. 262, 09007, Langbury, Nevada, United States');
INSERT INTO S22_S003_15_SUPPLIER (Supplier_ID, Supplier_Name, Phone_Number, Email, Supplier_Addr) VALUES (400021,'Jawa',5332248621,'jawa@gmail.com', '63878 Marques Islands, Apt. 169, 43897, West Miloview, South Carolina, United States');
INSERT INTO S22_S003_15_SUPPLIER (Supplier_ID, Supplier_Name, Phone_Number, Email, Supplier_Addr) VALUES (400022,'Piaggio',7166993524,'piaggio@gmail.com', '846 Jeffry Bridge, Apt. 831, 97329, Pourosberg, Arkansas, United States');
INSERT INTO S22_S003_15_SUPPLIER (Supplier_ID, Supplier_Name, Phone_Number, Email, Supplier_Addr) VALUES (400023,'Mahindra',7836153270,'mahindra@gmail.com', '2794 Keyon Crossroad, Suite 032, 44223-6467, North Gunnarmouth, Ohio, United States');
INSERT INTO S22_S003_15_SUPPLIER (Supplier_ID, Supplier_Name, Phone_Number, Email, Supplier_Addr) VALUES (400024,'Tata',9583901259,'tata@gmail.com', '66734 Danielle Lights, Apt. 232, 03934-4431, West Wilfredoburgh, Vermont, United States');
INSERT INTO S22_S003_15_SUPPLIER (Supplier_ID, Supplier_Name, Phone_Number, Email, Supplier_Addr) VALUES (400025,'Kia',7793683512,'kia@gmail.com', '16749 Kellie Square, Apt. 760, 09696, Delmerville, Michigan, United States');
INSERT INTO S22_S003_15_SUPPLIER (Supplier_ID, Supplier_Name, Phone_Number, Email, Supplier_Addr) VALUES (400026,'Nissan',4805493294,'nissan@gmail.com', '065 Lorenzo Pass, Suite 135, 55462, Kalebfort, New Hampshire, United States');
INSERT INTO S22_S003_15_SUPPLIER (Supplier_ID, Supplier_Name, Phone_Number, Email, Supplier_Addr) VALUES (400027,'Renault',9146035930,'renault@gmail.com', '611 Davis Squares, Apt. 172, 71236, Jaylanberg, Texas, United States');
INSERT INTO S22_S003_15_SUPPLIER (Supplier_ID, Supplier_Name, Phone_Number, Email, Supplier_Addr) VALUES (400028,'Audi',7943531738,'audi@gmail.com', '51509 Kieran Way, Suite 541, 12525, Davinside, Oklahoma, United States');
INSERT INTO S22_S003_15_SUPPLIER (Supplier_ID, Supplier_Name, Phone_Number, Email, Supplier_Addr) VALUES (400029,'Skoda',6400395691,'skoda@gmail.com', '96408 Ocie Views, Apt. 662, 19388-2681, Port Zenaport, Minnesota, United States');
INSERT INTO S22_S003_15_SUPPLIER (Supplier_ID, Supplier_Name, Phone_Number, Email, Supplier_Addr) VALUES (400030,'Bmw',1581729858,'bmw@gmail.com', '1406 Gislason Park, Suite 262, 68568, West Martin, Nebraska, United States');
INSERT INTO S22_S003_15_SUPPLIER (Supplier_ID, Supplier_Name, Phone_Number, Email, Supplier_Addr) VALUES (400031,'Dodge',5820986686,'dodge@gmail.com', '6240 McKenzie Glen, Apt. 313, 00213, Port Kade, Connecticut, United States');
INSERT INTO S22_S003_15_SUPPLIER (Supplier_ID, Supplier_Name, Phone_Number, Email, Supplier_Addr) VALUES (400032,'Chevrolet',5402897851,'chevrolet@gmail.com', '8179 Gustave Roads, Suite 536, 97726-9798, Erynstad, Ohio, United States');
INSERT INTO S22_S003_15_SUPPLIER (Supplier_ID, Supplier_Name, Phone_Number, Email, Supplier_Addr) VALUES (400033,'Ram',9748779882,'ram@gmail.com', '7359 Kole Oval, Apt. 198, 32301-6882, Port Romanport, Louisiana, United States');
INSERT INTO S22_S003_15_SUPPLIER (Supplier_ID, Supplier_Name, Phone_Number, Email, Supplier_Addr) VALUES (400034,'Chrysler',2985136995,'chrysler@gmail.com', '55484 Wiegand Flats, Apt. 260, 50800-6901, West Avery, Virginia, United States');
INSERT INTO S22_S003_15_SUPPLIER (Supplier_ID, Supplier_Name, Phone_Number, Email, Supplier_Addr) VALUES (400035,'Jeep',4649889606,'jeep@gmail.com', '279 Ryann Roads, Apt. 761, 99762-9184, Schowaltermouth, Colorado, United States');
INSERT INTO S22_S003_15_SUPPLIER (Supplier_ID, Supplier_Name, Phone_Number, Email, Supplier_Addr) VALUES (400036,'Jaguar',6236124285,'jaguar@gmail.com', '55697 Kreiger Hollow, Suite 025, 12162, Marvinbury, New Mexico, United States');
INSERT INTO S22_S003_15_SUPPLIER (Supplier_ID, Supplier_Name, Phone_Number, Email, Supplier_Addr) VALUES (400037,'Buggati',2750487700,'buggati@gmail.com', '2491 Bernier Islands, Suite 064, 27308, Treutelmouth, Oklahoma, United States');
INSERT INTO S22_S003_15_SUPPLIER (Supplier_ID, Supplier_Name, Phone_Number, Email, Supplier_Addr) VALUES (400038,'AstonMartin',8409419648,'astonmartin@gmail.com', '3309 Blanda Ridge, Suite 186, 76016, Elnoraland, New York, United States');
INSERT INTO S22_S003_15_SUPPLIER (Supplier_ID, Supplier_Name, Phone_Number, Email, Supplier_Addr) VALUES (400039,'Fiat',4443681647,'fiat@gmail.com', '3380 Satterfield Square, Apt. 406, 01440-0807, Gerlachmouth, New York, United States');
INSERT INTO S22_S003_15_SUPPLIER (Supplier_ID, Supplier_Name, Phone_Number, Email, Supplier_Addr) VALUES (400040,'Maserati',8535916022,'maserati@gmail.com', '7198 Brent Loaf, Suite 553, 12100, Lenoremouth, Indiana, United States');
INSERT INTO S22_S003_15_SUPPLIER (Supplier_ID, Supplier_Name, Phone_Number, Email, Supplier_Addr) VALUES (400041,'AlfaRomeo',9540954390,'alfaromeo@gmail.com', '0627 Rowe Forge, Suite 636, 77962, South Retha, Ohio, United States');
INSERT INTO S22_S003_15_SUPPLIER (Supplier_ID, Supplier_Name, Phone_Number, Email, Supplier_Addr) VALUES (400042,'Infiniti',7281595756,'infiniti@gmail.com', '55484 Wiegand Flats, Apt. 260, 50800-6901, West Avery, Virginia, United States');
INSERT INTO S22_S003_15_SUPPLIER (Supplier_ID, Supplier_Name, Phone_Number, Email, Supplier_Addr) VALUES (400043,'Mazda',7431520594,'mazda@gmail.com', '279 Ryann Roads, Apt. 761, 99762-9184, Schowaltermouth, Colorado, United States');
INSERT INTO S22_S003_15_SUPPLIER (Supplier_ID, Supplier_Name, Phone_Number, Email, Supplier_Addr) VALUES (400044,'LandRover',8954940974,'landrover@gmail.com', '55697 Kreiger Hollow, Suite 025, 12162, Marvinbury, New Mexico, United States');

-- Inserting values into S22_S003_15_COMPANY 
INSERT INTO S22_S003_15_COMPANY (License_Num,Email) VALUES (70000000,'location1@gmail.com');
INSERT INTO S22_S003_15_COMPANY (License_Num,Email) VALUES (70000001,'location2@gmail.com');
INSERT INTO S22_S003_15_COMPANY (License_Num,Email) VALUES (70000002,'location3@gmail.com');
INSERT INTO S22_S003_15_COMPANY (License_Num,Email) VALUES (70000003,'location4@gmail.com');
INSERT INTO S22_S003_15_COMPANY (License_Num,Email) VALUES (70000004,'location5@gmail.com');
INSERT INTO S22_S003_15_COMPANY (License_Num,Email) VALUES (70000005,'location6@gmail.com');
INSERT INTO S22_S003_15_COMPANY (License_Num,Email) VALUES (70000006,'location7@gmail.com');
INSERT INTO S22_S003_15_COMPANY (License_Num,Email) VALUES (70000007,'location8@gmail.com');
INSERT INTO S22_S003_15_COMPANY (License_Num,Email) VALUES (70000008,'location9@gmail.com');
INSERT INTO S22_S003_15_COMPANY (License_Num,Email) VALUES (70000009,'location10@gmail.com');

-- Inserting values into S22_S003_15_PRODUCT
INSERT INTO S22_S003_15_PRODUCT (Product_ID, Category_ID, Brand, Model, Quantity, Purchase_Cost, Selling_Cost, Category_Name,Product_Name,Supplier_ID) VALUES (80001,300,'TVS','APACHE',100,2000,2800,'LMV','DISK PAD',400001);
INSERT INTO S22_S003_15_PRODUCT (Product_ID, Category_ID, Brand, Model, Quantity, Purchase_Cost, Selling_Cost, Category_Name,Product_Name,Supplier_ID) VALUES (80002,300,'PORSCHE','CAYENNE',200,2500,3200,'LMV','BRAKE SHOE',400002);
INSERT INTO S22_S003_15_PRODUCT (Product_ID, Category_ID, Brand, Model, Quantity, Purchase_Cost, Selling_Cost, Category_Name,Product_Name,Supplier_ID) VALUES (80003,300,'FIAT','PUNTO',150,2100,2600,'LMV','ACCELERATOR CABLE',400003);
INSERT INTO S22_S003_15_PRODUCT (Product_ID, Category_ID, Brand, Model, Quantity, Purchase_Cost, Selling_Cost, Category_Name,Product_Name,Supplier_ID) VALUES (80004,300,'PREMIERE','PADMINI',175,3100,3600,'LMV','EXHAUST FRAME',400004);
INSERT INTO S22_S003_15_PRODUCT (Product_ID, Category_ID, Brand, Model, Quantity, Purchase_Cost, Selling_Cost, Category_Name,Product_Name,Supplier_ID) VALUES (80005,300,'FORD','F150',220,3400,3900,'LMV','ALLOYS',400005);
INSERT INTO S22_S003_15_PRODUCT (Product_ID, Category_ID, Brand, Model, Quantity, Purchase_Cost, Selling_Cost, Category_Name,Product_Name,Supplier_ID) VALUES (80006,301,'TOYOTA','FORTUNER',240,1300,2300,'SEDAN','SPOKES',400006);
INSERT INTO S22_S003_15_PRODUCT (Product_ID, Category_ID, Brand, Model, Quantity, Purchase_Cost, Selling_Cost, Category_Name,Product_Name,Supplier_ID) VALUES (80007,301,'HONDA','JAZZ',160,1899,2650,'SEDAN','BOLTS NUTS',400007);
INSERT INTO S22_S003_15_PRODUCT (Product_ID, Category_ID, Brand, Model, Quantity, Purchase_Cost, Selling_Cost, Category_Name,Product_Name,Supplier_ID) VALUES (80008,301,'HYUNDAI','ELANTRA',250,2100,2600,'SEDAN','ENGINE OIL',400008);
INSERT INTO S22_S003_15_PRODUCT (Product_ID, Category_ID, Brand, Model, Quantity, Purchase_Cost, Selling_Cost, Category_Name,Product_Name,Supplier_ID) VALUES (80009,301,'VOLKSWAGEN','JETTA',280,3100,3500,'SEDAN','BRAKE FLUID',400009);
INSERT INTO S22_S003_15_PRODUCT (Product_ID, Category_ID, Brand, Model, Quantity, Purchase_Cost, Selling_Cost, Category_Name,Product_Name,Supplier_ID) VALUES (80010,301,'TATA','HEXA',320,5500,5800,'SEDAN','SEAT COVER',400010);
INSERT INTO S22_S003_15_PRODUCT (Product_ID, Category_ID, Brand, Model, Quantity, Purchase_Cost, Selling_Cost, Category_Name,Product_Name,Supplier_ID) VALUES (80011,302,'SUZUKI','SWIFT',145,4500,4800,'COUPE','VISOR',400019);
INSERT INTO S22_S003_15_PRODUCT (Product_ID, Category_ID, Brand, Model, Quantity, Purchase_Cost, Selling_Cost, Category_Name,Product_Name,Supplier_ID) VALUES (80012,302,'KTM','RC200',125,5500,5800,'COUPE','WIND SHIELD',400014);
INSERT INTO S22_S003_15_PRODUCT (Product_ID, Category_ID, Brand, Model, Quantity, Purchase_Cost, Selling_Cost, Category_Name,Product_Name,Supplier_ID) VALUES (80013,302,'YAMAHA','R15',50,6000,6500,'COUPE','PETROL FILTER',400023);
INSERT INTO S22_S003_15_PRODUCT (Product_ID, Category_ID, Brand, Model, Quantity, Purchase_Cost, Selling_Cost, Category_Name,Product_Name,Supplier_ID) VALUES (80014,302,'CHRYSLER','PACIFICA',95,3800,4300,'COUPE','AIR FILTER',400027);
INSERT INTO S22_S003_15_PRODUCT (Product_ID, Category_ID, Brand, Model, Quantity, Purchase_Cost, Selling_Cost, Category_Name,Product_Name,Supplier_ID) VALUES (80015,302,'TVS','STAR',105,4300,5300,'COUPE','SIDE STAND',400022);
INSERT INTO S22_S003_15_PRODUCT (Product_ID, Category_ID, Brand, Model, Quantity, Purchase_Cost, Selling_Cost, Category_Name,Product_Name,Supplier_ID) VALUES (80016,303,'HONDA','CRV',135,4850,5200,'SPORTS','SPEEDO CABLE',400029);
INSERT INTO S22_S003_15_PRODUCT (Product_ID, Category_ID, Brand, Model, Quantity, Purchase_Cost, Selling_Cost, Category_Name,Product_Name,Supplier_ID) VALUES (80017,303,'VOLKSWAGEN','JETTA',180,3700,4300,'SPORTS','CAM SHAFT',400031);
INSERT INTO S22_S003_15_PRODUCT (Product_ID, Category_ID, Brand, Model, Quantity, Purchase_Cost, Selling_Cost, Category_Name,Product_Name,Supplier_ID) VALUES (80018,303,'TATA','NEXON',190,2800,3200,'SPORTS','CARBURETTOR',400032);
INSERT INTO S22_S003_15_PRODUCT (Product_ID, Category_ID, Brand, Model, Quantity, Purchase_Cost, Selling_Cost, Category_Name,Product_Name,Supplier_ID) VALUES (80019,303,'FIAT','PUNTO',180,4000,4800,'SPORTS','PACKING KIT',400033);
INSERT INTO S22_S003_15_PRODUCT (Product_ID, Category_ID, Brand, Model, Quantity, Purchase_Cost, Selling_Cost, Category_Name,Product_Name,Supplier_ID) VALUES (80020,303,'PREMIERE','PADMINI',210,4100,4500,'SPORTS','IGNITION LOCK',400021);
INSERT INTO S22_S003_15_PRODUCT (Product_ID, Category_ID, Brand, Model, Quantity, Purchase_Cost, Selling_Cost, Category_Name,Product_Name,Supplier_ID) VALUES (80021,304,'TVS','FIERO',220,5400,6000,'HATCHBACK','LOCK SET',400026);
INSERT INTO S22_S003_15_PRODUCT (Product_ID, Category_ID, Brand, Model, Quantity, Purchase_Cost, Selling_Cost, Category_Name,Product_Name,Supplier_ID) VALUES (80022,304,'FORD','FOCUS',225,6100,6800,'HATCHBACK','ENGINE PACKING',400041);
INSERT INTO S22_S003_15_PRODUCT (Product_ID, Category_ID, Brand, Model, Quantity, Purchase_Cost, Selling_Cost, Category_Name,Product_Name,Supplier_ID) VALUES (80023,304,'PORSCHE','MACHAN',210,3200,3700,'HATCHBACK','FOOTREST',400021);
INSERT INTO S22_S003_15_PRODUCT (Product_ID, Category_ID, Brand, Model, Quantity, Purchase_Cost, Selling_Cost, Category_Name,Product_Name,Supplier_ID) VALUES (80024,304,'SUZUKI','SWIFT',175,4100,4900,'HATCHBACK','CHAIN ADJUSTOR',400031);
INSERT INTO S22_S003_15_PRODUCT (Product_ID, Category_ID, Brand, Model, Quantity, Purchase_Cost, Selling_Cost, Category_Name,Product_Name,Supplier_ID) VALUES (80025,304,'HYUNDAI','ELANTRA',120,5200,5900,'HATCHBACK','HALF PACKING',400012);
INSERT INTO S22_S003_15_PRODUCT (Product_ID, Category_ID, Brand, Model, Quantity, Purchase_Cost, Selling_Cost, Category_Name,Product_Name,Supplier_ID) VALUES (80026,305,'TOYOTA','HIGHLANDER',175,6100,6500,'MINIVAN','MUDGUARD',400018);
INSERT INTO S22_S003_15_PRODUCT (Product_ID, Category_ID, Brand, Model, Quantity, Purchase_Cost, Selling_Cost, Category_Name,Product_Name,Supplier_ID) VALUES (80027,305,'TATA','NEXON',120,7000,7500,'MINIVAN','REAR AXLE',400028);
INSERT INTO S22_S003_15_PRODUCT (Product_ID, Category_ID, Brand, Model, Quantity, Purchase_Cost, Selling_Cost, Category_Name,Product_Name,Supplier_ID) VALUES (80028,305,'VOLKSWAGEN','PASSAT',145,4600,4900,'MINIVAN','OIL FILTER',400033);
INSERT INTO S22_S003_15_PRODUCT (Product_ID, Category_ID, Brand, Model, Quantity, Purchase_Cost, Selling_Cost, Category_Name,Product_Name,Supplier_ID) VALUES (80029,305,'TVS','RTR',220,5100,5700,'MINIVAN','PETROL CAP',400016);
INSERT INTO S22_S003_15_PRODUCT (Product_ID, Category_ID, Brand, Model, Quantity, Purchase_Cost, Selling_Cost, Category_Name,Product_Name,Supplier_ID) VALUES (80030,305,'SUZUKI','SWIFT',225,3400,3800,'MINIVAN','MIRROR',400034);
INSERT INTO S22_S003_15_PRODUCT (Product_ID, Category_ID, Brand, Model, Quantity, Purchase_Cost, Selling_Cost, Category_Name,Product_Name,Supplier_ID) VALUES (80031,306,'KTM','DUKE',220,3750,4300,'PICKUP','TYRES',400015);
INSERT INTO S22_S003_15_PRODUCT (Product_ID, Category_ID, Brand, Model, Quantity, Purchase_Cost, Selling_Cost, Category_Name,Product_Name,Supplier_ID) VALUES (80032,306,'PORSCHE','CAYENNE',125,4100,4900,'PICKUP','FORK ASSEMBLY',400002);
INSERT INTO S22_S003_15_PRODUCT (Product_ID, Category_ID, Brand, Model, Quantity, Purchase_Cost, Selling_Cost, Category_Name,Product_Name,Supplier_ID) VALUES (80032,306,'FIAT','PUNTO',150,4700,5200,'PICKUP','PULLEY SCREW',400025);
INSERT INTO S22_S003_15_PRODUCT (Product_ID, Category_ID, Brand, Model, Quantity, Purchase_Cost, Selling_Cost, Category_Name,Product_Name,Supplier_ID) VALUES (80033,306,'PREMIERE','PADMINI',110,5100,5700,'PICKUP','SILENCER RUBBER',400031);
INSERT INTO S22_S003_15_PRODUCT (Product_ID, Category_ID, Brand, Model, Quantity, Purchase_Cost, Selling_Cost, Category_Name,Product_Name,Supplier_ID) VALUES (80034,306,'FORD','FOCUS',120,3300,3700,'PICKUP','SEAT PLATE',400032);
INSERT INTO S22_S003_15_PRODUCT (Product_ID, Category_ID, Brand, Model, Quantity, Purchase_Cost, Selling_Cost, Category_Name,Product_Name,Supplier_ID) VALUES (80035,306,'CHRYSLER','PACIFICA',145,3400,3900,'PICKUP','CRANK CASE',400036);
INSERT INTO S22_S003_15_PRODUCT (Product_ID, Category_ID, Brand, Model, Quantity, Purchase_Cost, Selling_Cost, Category_Name,Product_Name,Supplier_ID) VALUES (80036,307,'TATA','HEXA',175,4100,4500,'WAGON','CUSH RUBBER',400037);
INSERT INTO S22_S003_15_PRODUCT (Product_ID, Category_ID, Brand, Model, Quantity, Purchase_Cost, Selling_Cost, Category_Name,Product_Name,Supplier_ID) VALUES (80037,307,'TVS','APACHE',180,5300,5800,'WAGON','DC CABLE',400025);
INSERT INTO S22_S003_15_PRODUCT (Product_ID, Category_ID, Brand, Model, Quantity, Purchase_Cost, Selling_Cost, Category_Name,Product_Name,Supplier_ID) VALUES (80038,307,'FIAT','PUNTO',142,4600,4900,'WAGON','DISK PAD',400021);
INSERT INTO S22_S003_15_PRODUCT (Product_ID, Category_ID, Brand, Model, Quantity, Purchase_Cost, Selling_Cost, Category_Name,Product_Name,Supplier_ID) VALUES (80039,307,'TVS','RTR',150,5100,5300,'WAGON','DOOR SCREW',400027);
INSERT INTO S22_S003_15_PRODUCT (Product_ID, Category_ID, Brand, Model, Quantity, Purchase_Cost, Selling_Cost, Category_Name,Product_Name,Supplier_ID) VALUES (80040,307,'YAMAHA','RX100',210,6100,6900,'WAGON','ENGINE GUARD',400016);
INSERT INTO S22_S003_15_PRODUCT (Product_ID, Category_ID, Brand, Model, Quantity, Purchase_Cost, Selling_Cost, Category_Name,Product_Name,Supplier_ID) VALUES (80041,308,'KTM','RC200',220,5800,6300,'LUXURY','FORK CONE SET',400022);
INSERT INTO S22_S003_15_PRODUCT (Product_ID, Category_ID, Brand, Model, Quantity, Purchase_Cost, Selling_Cost, Category_Name,Product_Name,Supplier_ID) VALUES (80042,308,'TVS','JUPYTER',205,6100,6700,'LUXURY','FORK NUT',400028);
INSERT INTO S22_S003_15_PRODUCT (Product_ID, Category_ID, Brand, Model, Quantity, Purchase_Cost, Selling_Cost, Category_Name,Product_Name,Supplier_ID) VALUES (80043,308,'HYUNDAI','I20',165,7600,7900,'LUXURY','FRONT BRAKE CABLE',400033);
INSERT INTO S22_S003_15_PRODUCT (Product_ID, Category_ID, Brand, Model, Quantity, Purchase_Cost, Selling_Cost, Category_Name,Product_Name,Supplier_ID) VALUES (80044,308,'YAMAHA','RX100',185,7500,7800,'LUXURY','GRIP SET',400034);
INSERT INTO S22_S003_15_PRODUCT (Product_ID, Category_ID, Brand, Model, Quantity, Purchase_Cost, Selling_Cost, Category_Name,Product_Name,Supplier_ID) VALUES (80045,308,'PORSCHE','CAYENNE',190,6500,6900,'LUXURY','HAZARD FLASHER',400032);
INSERT INTO S22_S003_15_PRODUCT (Product_ID, Category_ID, Brand, Model, Quantity, Purchase_Cost, Selling_Cost, Category_Name,Product_Name,Supplier_ID) VALUES (80046,309,'FIAT','PUNTO',110,4500,4900,'CONVERTIBLE','MAGNET COVER',400024);
INSERT INTO S22_S003_15_PRODUCT (Product_ID, Category_ID, Brand, Model, Quantity, Purchase_Cost, Selling_Cost, Category_Name,Product_Name,Supplier_ID) VALUES (80047,309,'PREMIERE','PADMINI',120,2100,3400,'CONVERTIBLE','MUD FLAP',400021);
INSERT INTO S22_S003_15_PRODUCT (Product_ID, Category_ID, Brand, Model, Quantity, Purchase_Cost, Selling_Cost, Category_Name,Product_Name,Supplier_ID) VALUES (80048,309,'FORD','FORTUNER',105,5400,5900,'CONVERTIBLE','OIL DRAIN',400031);
INSERT INTO S22_S003_15_PRODUCT (Product_ID, Category_ID, Brand, Model, Quantity, Purchase_Cost, Selling_Cost, Category_Name,Product_Name,Supplier_ID) VALUES (80049,309,'TOYOTA','HIGHLANDER',110,6100,6500,'CONVERTIBLE','ORING KIT',400023);
INSERT INTO S22_S003_15_PRODUCT (Product_ID, Category_ID, Brand, Model, Quantity, Purchase_Cost, Selling_Cost, Category_Name,Product_Name,Supplier_ID) VALUES (80050,309,'FIAT','PUNTO',100,6500,6900,'CONVERTIBLE','STAND PIN',400014);

--Inserting values into S22_S003_15_COMPANY_LOC
INSERT INTO S22_S003_15_COMPANY_LOC(License_Num,Phone_Number,Addr,city,st,pin) VALUES (70000000,123456789,'893 New MainRoad','Arlington','Texas',76013);
INSERT INTO S22_S003_15_COMPANY_LOC(License_Num,Phone_Number,Addr,city,st,pin) VALUES (70000001,098765421,'832 old MainRoad','Dallas','Texas',76013);
INSERT INTO S22_S003_15_COMPANY_LOC(License_Num,Phone_Number,Addr,city,st,pin) VALUES (70000002,234354544,'893 MainRoad','Austin','Texas',76013);
INSERT INTO S22_S003_15_COMPANY_LOC(License_Num,Phone_Number,Addr,city,st,pin) VALUES (70000003,345234434,'902 Summit MainRoad','San Antonio','Texas',76013);
INSERT INTO S22_S003_15_COMPANY_LOC(License_Num,Phone_Number,Addr,city,st,pin) VALUES (70000004,454563424,'893 Arbor','South Padre','Texas',76013);
INSERT INTO S22_S003_15_COMPANY_LOC(License_Num,Phone_Number,Addr,city,st,pin) VALUES (70000005,232435463,'8233 Greek Row','Irving','Texas',76013);
INSERT INTO S22_S003_15_COMPANY_LOC(License_Num,Phone_Number,Addr,city,st,pin) VALUES (70000006,344563423,'32423 Subcross','Frisco','Texas',76013);
INSERT INTO S22_S003_15_COMPANY_LOC(License_Num,Phone_Number,Addr,city,st,pin) VALUES (70000007,345653232,'23 kolargold','Plano','Texas',76013);
INSERT INTO S22_S003_15_COMPANY_LOC(License_Num,Phone_Number,Addr,city,st,pin) VALUES (70000008,564534243,'34 geo avenue','Richadson','Texas',76013);
INSERT INTO S22_S003_15_COMPANY_LOC(License_Num,Phone_Number,Addr,city,st,pin) VALUES (70000009,345655434,'35 apple Avenue','Forth-worth','Texas',76013);

--Inserting values into S22_S003_15_EMPLOYEE 
INSERT INTO S22_S003_15_EMPLOYEE (EMP_ID, First_Name, Last_Name, Gender, DateofBirth, Bank_Account_No,License_Num) VALUES (1001, 'Prithviraj', 'Eswaramoorthy','Male', TO_DATE('17/12/1999', 'DD/MM/YYYY'), 9000, 70000000);
INSERT INTO S22_S003_15_EMPLOYEE (EMP_ID, First_Name, Last_Name, Gender, DateofBirth, Bank_Account_No,License_Num) VALUES (1002, 'Sujitraj','Thirumurthy','Male', TO_DATE('01/08/1996', 'DD/MM/YYYY'),9001,70000001);
INSERT INTO S22_S003_15_EMPLOYEE (EMP_ID, First_Name, Last_Name, Gender, DateofBirth, Bank_Account_No,License_Num) VALUES (1003, 'Gokul','Krishna','Male', TO_DATE('13/04/1999', 'DD/MM/YYYY'),9002,70000002);
INSERT INTO S22_S003_15_EMPLOYEE (EMP_ID, First_Name, Last_Name, Gender, DateofBirth, Bank_Account_No,License_Num) VALUES (1004, 'Vandhana','Manivanan','Female', TO_DATE('11/12/1999', 'DD/MM/YYYY'),9003,70000003);
INSERT INTO S22_S003_15_EMPLOYEE (EMP_ID, First_Name, Last_Name, Gender, DateofBirth, Bank_Account_No,License_Num) VALUES (1005, 'Swetha','Chandrasekaran','Female', TO_DATE('02/11/1998', 'DD/MM/YYYY'),9004,70000004);
INSERT INTO S22_S003_15_EMPLOYEE (EMP_ID, First_Name, Last_Name, Gender, DateofBirth, Bank_Account_No,License_Num) VALUES (1006, 'Nikil','Selvaraj','Male', TO_DATE('02/11/1998', 'DD/MM/YYYY'),9006,70000005);
INSERT INTO S22_S003_15_EMPLOYEE (EMP_ID, First_Name, Last_Name, Gender, DateofBirth, Bank_Account_No,License_Num) VALUES (1007, 'Adithya','Rengarajan','Male', TO_DATE('14/09/1993', 'DD/MM/YYYY'),9007,70000006);
INSERT INTO S22_S003_15_EMPLOYEE (EMP_ID, First_Name, Last_Name, Gender, DateofBirth, Bank_Account_No,License_Num) VALUES (1008, 'Ranjith','Raj','Male', TO_DATE('02/09/1998', 'DD/MM/YYYY'),9008,70000007);
INSERT INTO S22_S003_15_EMPLOYEE (EMP_ID, First_Name, Last_Name, Gender, DateofBirth, Bank_Account_No,License_Num) VALUES (1009, 'Ashwantika','Uma','Female', TO_DATE('29/03/2000', 'DD/MM/YYYY'),9009,70000008);
INSERT INTO S22_S003_15_EMPLOYEE (EMP_ID, First_Name, Last_Name, Gender, DateofBirth, Bank_Account_No,License_Num) VALUES (1010, 'Saba','Ruhee','Female', TO_DATE('31/07/1998', 'DD/MM/YYYY'),9010,70000009);
INSERT INTO S22_S003_15_EMPLOYEE (EMP_ID, First_Name, Last_Name, Gender, DateofBirth, Bank_Account_No,License_Num) VALUES (1011, 'Prasanna','Kumar','Male', TO_DATE('25/04/1996', 'DD/MM/YYYY'),9011,70000001);
INSERT INTO S22_S003_15_EMPLOYEE (EMP_ID, First_Name, Last_Name, Gender, DateofBirth, Bank_Account_No,License_Num) VALUES (1012, 'Rohit','Raj','Male', TO_DATE('16/12/1988', 'DD/MM/YYYY'),9012,70000002);
INSERT INTO S22_S003_15_EMPLOYEE (EMP_ID, First_Name, Last_Name, Gender, DateofBirth, Bank_Account_No,License_Num) VALUES (1013, 'Varalaxmi','Raveendar','Male', TO_DATE('24/11/1988', 'DD/MM/YYYY'),9013,70000004);
INSERT INTO S22_S003_15_EMPLOYEE (EMP_ID, First_Name, Last_Name, Gender, DateofBirth, Bank_Account_No,License_Num) VALUES (1014, 'Carlos','Sainz','Male', TO_DATE('21/09/1989', 'DD/MM/YYYY'),9014,70000009);
INSERT INTO S22_S003_15_EMPLOYEE (EMP_ID, First_Name, Last_Name, Gender, DateofBirth, Bank_Account_No,License_Num) VALUES (1015, 'Charles','Leclerc','Male', TO_DATE('23/01/1985', 'DD/MM/YYYY'),9015,70000000);
INSERT INTO S22_S003_15_EMPLOYEE (EMP_ID, First_Name, Last_Name, Gender, DateofBirth, Bank_Account_No,License_Num) VALUES (1016, 'Lewis','Hamilton','Male', TO_DATE('16/04/1981', 'DD/MM/YYYY'),9016,70000008);
INSERT INTO S22_S003_15_EMPLOYEE (EMP_ID, First_Name, Last_Name, Gender, DateofBirth, Bank_Account_No,License_Num) VALUES (1017, 'Micheal','Schumacher','Male', TO_DATE('26/09/1976', 'DD/MM/YYYY'),9017,70000006);
INSERT INTO S22_S003_15_EMPLOYEE (EMP_ID, First_Name, Last_Name, Gender, DateofBirth, Bank_Account_No,License_Num) VALUES (1018, 'Mika','Hakkinnen','Male', TO_DATE('21/07/1946', 'DD/MM/YYYY'),9018,70000007);
INSERT INTO S22_S003_15_EMPLOYEE (EMP_ID, First_Name, Last_Name, Gender, DateofBirth, Bank_Account_No,License_Num) VALUES (1019, 'Roger','Federer','Male', TO_DATE('23/09/1989', 'DD/MM/YYYY'),9019,70000001);
INSERT INTO S22_S003_15_EMPLOYEE (EMP_ID, First_Name, Last_Name, Gender, DateofBirth, Bank_Account_No,License_Num) VALUES (1020, 'Rafael','Nadal','Male', TO_DATE('07/11/1991', 'DD/MM/YYYY'),9020,70000004);
INSERT INTO S22_S003_15_EMPLOYEE (EMP_ID, First_Name, Last_Name, Gender, DateofBirth, Bank_Account_No,License_Num) VALUES (1021, 'Novak','Djokovic','Male', TO_DATE('09/01/1992', 'DD/MM/YYYY'),9021,70000005);
INSERT INTO S22_S003_15_EMPLOYEE (EMP_ID, First_Name, Last_Name, Gender, DateofBirth, Bank_Account_No,License_Num) VALUES (1022, 'MS','Dhoni','Male', TO_DATE('11/03/1992', 'DD/MM/YYYY'),9022,70000006);
INSERT INTO S22_S003_15_EMPLOYEE (EMP_ID, First_Name, Last_Name, Gender, DateofBirth, Bank_Account_No,License_Num) VALUES (1023, 'Virat','Kohli','Male', TO_DATE('03/02/1993', 'DD/MM/YYYY'),9023,70000009);
INSERT INTO S22_S003_15_EMPLOYEE (EMP_ID, First_Name, Last_Name, Gender, DateofBirth, Bank_Account_No,License_Num) VALUES (1024, 'Rohit','Sharma','Male', TO_DATE('07/09/1993', 'DD/MM/YYYY'),9024,70000001);
INSERT INTO S22_S003_15_EMPLOYEE (EMP_ID, First_Name, Last_Name, Gender, DateofBirth, Bank_Account_No,License_Num) VALUES (1025, 'Jasprit','Bumrah','Male', TO_DATE('08/10/1994', 'DD/MM/YYYY'),9025,70000003);
INSERT INTO S22_S003_15_EMPLOYEE (EMP_ID, First_Name, Last_Name, Gender, DateofBirth, Bank_Account_No,License_Num) VALUES (1026, 'Ravi','Ashwin','Male', TO_DATE('10/04/1995', 'DD/MM/YYYY'),9026,70000006);
INSERT INTO S22_S003_15_EMPLOYEE (EMP_ID, First_Name, Last_Name, Gender, DateofBirth, Bank_Account_No,License_Num) VALUES (1027, 'Ravi','Jadeja','Male', TO_DATE('17/05/1996', 'DD/MM/YYYY'),9027,70000001);
INSERT INTO S22_S003_15_EMPLOYEE (EMP_ID, First_Name, Last_Name, Gender, DateofBirth, Bank_Account_No,License_Num) VALUES (1028, 'Jos','Butler','Male', TO_DATE('18/06/1997', 'DD/MM/YYYY'),9028,70000004);
INSERT INTO S22_S003_15_EMPLOYEE (EMP_ID, First_Name, Last_Name, Gender, DateofBirth, Bank_Account_No,License_Num) VALUES (1029, 'Serena','Williams','Female', TO_DATE('16/08/1999', 'DD/MM/YYYY'),9029,70000001);
INSERT INTO S22_S003_15_EMPLOYEE (EMP_ID, First_Name, Last_Name, Gender, DateofBirth, Bank_Account_No,License_Num) VALUES (1030, 'Venus','Williams','Female', TO_DATE('18/09/1999', 'DD/MM/YYYY'),9030,70000002);
INSERT INTO S22_S003_15_EMPLOYEE (EMP_ID, First_Name, Last_Name, Gender, DateofBirth, Bank_Account_No,License_Num) VALUES (1031, 'Christine','Blue','Female', TO_DATE('13/12/2000', 'DD/MM/YYYY'),9031,70000003);
INSERT INTO S22_S003_15_EMPLOYEE (EMP_ID, First_Name, Last_Name, Gender, DateofBirth, Bank_Account_No,License_Num) VALUES (1032, 'Racheal','Green','Female', TO_DATE('17/04/2021', 'DD/MM/YYYY'),9032,70000004);
INSERT INTO S22_S003_15_EMPLOYEE (EMP_ID, First_Name, Last_Name, Gender, DateofBirth, Bank_Account_No,License_Num) VALUES (1033, 'Monica','Geller','Female', TO_DATE('19/03/2008', 'DD/MM/YYYY'),9033,70000005);
INSERT INTO S22_S003_15_EMPLOYEE (EMP_ID, First_Name, Last_Name, Gender, DateofBirth, Bank_Account_No,License_Num) VALUES (1034, 'Aanamika','Raj','Female', TO_DATE('20/02/2009', 'DD/MM/YYYY'),9034,70000006);
INSERT INTO S22_S003_15_EMPLOYEE (EMP_ID, First_Name, Last_Name, Gender, DateofBirth, Bank_Account_No,License_Num) VALUES (1035, 'Samantha','Prabu','Female', TO_DATE('26/02/2010', 'DD/MM/YYYY'),9035,70000007);
INSERT INTO S22_S003_15_EMPLOYEE (EMP_ID, First_Name, Last_Name, Gender, DateofBirth, Bank_Account_No,License_Num) VALUES (1036, 'Priyanka','Prithiviraj','Female', TO_DATE('27/01/2011', 'DD/MM/YYYY'),9036,70000001);
INSERT INTO S22_S003_15_EMPLOYEE (EMP_ID, First_Name, Last_Name, Gender, DateofBirth, Bank_Account_No,License_Num) VALUES (1037, 'Tammanah','Bhatia','Female', TO_DATE('29/08/2012', 'DD/MM/YYYY'),9037,70000005);
INSERT INTO S22_S003_15_EMPLOYEE (EMP_ID, First_Name, Last_Name, Gender, DateofBirth, Bank_Account_No,License_Num) VALUES (1038, 'Pooja','Hedge','Female', TO_DATE('30/01/2013', 'DD/MM/YYYY'),9038,70000006);
INSERT INTO S22_S003_15_EMPLOYEE (EMP_ID, First_Name, Last_Name, Gender, DateofBirth, Bank_Account_No,License_Num) VALUES (1039, 'Kajal','Agarwar','Female', TO_DATE('31/09/1989', 'DD/MM/YYYY'),9039,70000001);
INSERT INTO S22_S003_15_EMPLOYEE (EMP_ID, First_Name, Last_Name, Gender, DateofBirth, Bank_Account_No,License_Num) VALUES (1040, 'Kojol','Jain','Female', TO_DATE('24/03/1978', 'DD/MM/YYYY'),9040,70000005);
INSERT INTO S22_S003_15_EMPLOYEE (EMP_ID, First_Name, Last_Name, Gender, DateofBirth, Bank_Account_No,License_Num) VALUES (1041, 'Aravind','Kumar','Male', TO_DATE('29/04/1990', 'DD/MM/YYYY'),9041,70000006);
INSERT INTO S22_S003_15_EMPLOYEE (EMP_ID, First_Name, Last_Name, Gender, DateofBirth, Bank_Account_No,License_Num) VALUES (1042, 'Dharshini','Vasudevan','Female', TO_DATE('30/05/1989', 'DD/MM/YYYY'),9042,70000003);

-- Inserting values into S22_S003_15_EMPLOYEE_ADDR
INSERT INTO S22_S003_15_EMPLOYEE_ADDR (EMP_ID, Street_Name,City,Zipcode) VALUES (1001, '417 Summit Ave','Arlington',76013);
INSERT INTO S22_S003_15_EMPLOYEE_ADDR (EMP_ID, Street_Name,City,Zipcode) VALUES (1002, '418 Greek Ave','Arlington',76012);
INSERT INTO S22_S003_15_EMPLOYEE_ADDR (EMP_ID, Street_Name,City,Zipcode) VALUES (1003, '419 Blue Ave','New York',76012);
INSERT INTO S22_S003_15_EMPLOYEE_ADDR (EMP_ID, Street_Name,City,Zipcode) VALUES (1004, '420 Green Ave','New Jersey',76034);
INSERT INTO S22_S003_15_EMPLOYEE_ADDR (EMP_ID, Street_Name,City,Zipcode) VALUES (1005, '421 Summit Ave','Dallas',76045);
INSERT INTO S22_S003_15_EMPLOYEE_ADDR (EMP_ID, Street_Name,City,Zipcode) VALUES (1006, '423 Black Ave','Chennai',76023);
INSERT INTO S22_S003_15_EMPLOYEE_ADDR (EMP_ID, Street_Name,City,Zipcode) VALUES (1007, '423 White Ave','Chicago',76043);
INSERT INTO S22_S003_15_EMPLOYEE_ADDR (EMP_ID, Street_Name,City,Zipcode) VALUES (1008, '413 Summit Ave','Dallas',76023);
INSERT INTO S22_S003_15_EMPLOYEE_ADDR (EMP_ID, Street_Name,City,Zipcode) VALUES (1009, '411 hogwarts Ave','Frisco',76035);
INSERT INTO S22_S003_15_EMPLOYEE_ADDR (EMP_ID, Street_Name,City,Zipcode) VALUES (1010, '414 yellow Ave','Iriving',76054);
INSERT INTO S22_S003_15_EMPLOYEE_ADDR (EMP_ID, Street_Name,City,Zipcode) VALUES (1011, '417 arbor Ave','Carolina',76034);
INSERT INTO S22_S003_15_EMPLOYEE_ADDR (EMP_ID, Street_Name,City,Zipcode) VALUES (1012, '418 meadow Ave','San Diego',76023);
INSERT INTO S22_S003_15_EMPLOYEE_ADDR (EMP_ID, Street_Name,City,Zipcode) VALUES (1013, '412 livplus Ave','Los Angeles',76045);
INSERT INTO S22_S003_15_EMPLOYEE_ADDR (EMP_ID, Street_Name,City,Zipcode) VALUES (1014, '423 Meadow Ave','Pittsburg',76056);
INSERT INTO S22_S003_15_EMPLOYEE_ADDR (EMP_ID, Street_Name,City,Zipcode) VALUES (1015, '423 Summit Ave','Arlington',76023);
INSERT INTO S22_S003_15_EMPLOYEE_ADDR (EMP_ID, Street_Name,City,Zipcode) VALUES (1016, '465 Summit Ave','Dallas',76012);
INSERT INTO S22_S003_15_EMPLOYEE_ADDR (EMP_ID, Street_Name,City,Zipcode) VALUES (1017, '456 Bhrathi Nagar Ave','Arlington',76011);
INSERT INTO S22_S003_15_EMPLOYEE_ADDR (EMP_ID, Street_Name,City,Zipcode) VALUES (1018, '434 Green Ave','Arlington',76035);
INSERT INTO S22_S003_15_EMPLOYEE_ADDR (EMP_ID, Street_Name,City,Zipcode) VALUES (1019, '445 purple Ave','Arlington',76056);
INSERT INTO S22_S003_15_EMPLOYEE_ADDR (EMP_ID, Street_Name,City,Zipcode) VALUES (1020, '423 KGF Ave','Arlington',76065);
INSERT INTO S22_S003_15_EMPLOYEE_ADDR (EMP_ID, Street_Name,City,Zipcode) VALUES (1021, '411 Beast Ave','Carolina',76034);
INSERT INTO S22_S003_15_EMPLOYEE_ADDR (EMP_ID, Street_Name,City,Zipcode) VALUES (1022, '434 valimai Ave','Arlington',76034);
INSERT INTO S22_S003_15_EMPLOYEE_ADDR (EMP_ID, Street_Name,City,Zipcode) VALUES (1023, '409 thupakki Ave','Arlington',76023);
INSERT INTO S22_S003_15_EMPLOYEE_ADDR (EMP_ID, Street_Name,City,Zipcode) VALUES (1024, '506 vivegam Ave','Arlington',76043);
INSERT INTO S22_S003_15_EMPLOYEE_ADDR (EMP_ID, Street_Name,City,Zipcode) VALUES (1025, '43423 darbar Ave','Pittsburg',76053);
INSERT INTO S22_S003_15_EMPLOYEE_ADDR (EMP_ID, Street_Name,City,Zipcode) VALUES (1026, '417432 padayappa Ave','Arlington',76063);
INSERT INTO S22_S003_15_EMPLOYEE_ADDR (EMP_ID, Street_Name,City,Zipcode) VALUES (1027, '417432 RRR Ave','Dallas',76065);
INSERT INTO S22_S003_15_EMPLOYEE_ADDR (EMP_ID, Street_Name,City,Zipcode) VALUES (1028, '417223 qwerty Ave','Arlington',76044);
INSERT INTO S22_S003_15_EMPLOYEE_ADDR (EMP_ID, Street_Name,City,Zipcode) VALUES (1029, '434 Summit Ave','Arlington',76054);
INSERT INTO S22_S003_15_EMPLOYEE_ADDR (EMP_ID, Street_Name,City,Zipcode) VALUES (1030, '417 Black Ave','Dallas',76023);
INSERT INTO S22_S003_15_EMPLOYEE_ADDR (EMP_ID, Street_Name,City,Zipcode) VALUES (1031, '41232 Arbor Ave','Arlington',76023);
INSERT INTO S22_S003_15_EMPLOYEE_ADDR (EMP_ID, Street_Name,City,Zipcode) VALUES (1032, '42345 Meadow Ave','Arlington',76034);
INSERT INTO S22_S003_15_EMPLOYEE_ADDR (EMP_ID, Street_Name,City,Zipcode) VALUES (1033, '4345 Summit Ave','Iriving',76012);
INSERT INTO S22_S003_15_EMPLOYEE_ADDR (EMP_ID, Street_Name,City,Zipcode) VALUES (1034, '44564 Black Ave','Arlington',76045);
INSERT INTO S22_S003_15_EMPLOYEE_ADDR (EMP_ID, Street_Name,City,Zipcode) VALUES (1035, '5656 Arbor Ave','Pittsburg',76067);
INSERT INTO S22_S003_15_EMPLOYEE_ADDR (EMP_ID, Street_Name,City,Zipcode) VALUES (1036, '42334 Black Ave','Chennai',76067);
INSERT INTO S22_S003_15_EMPLOYEE_ADDR (EMP_ID, Street_Name,City,Zipcode) VALUES (1037, '234356 Summit Ave','Dallas',76045);
INSERT INTO S22_S003_15_EMPLOYEE_ADDR (EMP_ID, Street_Name,City,Zipcode) VALUES (1038, '34546 Arbor Ave','Dallas',76034);
INSERT INTO S22_S003_15_EMPLOYEE_ADDR (EMP_ID, Street_Name,City,Zipcode) VALUES (1039, '45667 Black Ave','Iriving',76045);
INSERT INTO S22_S003_15_EMPLOYEE_ADDR (EMP_ID, Street_Name,City,Zipcode) VALUES (1040, '5434 Arbor Ave','Arlington',76054);
INSERT INTO S22_S003_15_EMPLOYEE_ADDR (EMP_ID, Street_Name,City,Zipcode) VALUES (1041, '44542 Summit Ave','Arlington',76067);
INSERT INTO S22_S003_15_EMPLOYEE_ADDR (EMP_ID, Street_Name,City,Zipcode) VALUES (1042, '434234 Arbor Ave','Iriving',76024);

-- Inserting values into S22_S003_15_SALES_HISTORY
INSERT INTO S22_S003_15_SALES_HISTORY(Purchase_ID,Cust_ID,Purchase_Date,Prod_ID,Category_ID,Quantity,Prod_Amt,License_Num,Emp_ID,Access_ID) VALUES (12345,500001,TO_DATE('11/11/2021', 'DD/MM/YYYY'),80001,300,5,2800,70000001,1002,1001830297);
INSERT INTO S22_S003_15_SALES_HISTORY(Purchase_ID,Cust_ID,Purchase_Date,Prod_ID,Category_ID,Quantity,Prod_Amt,License_Num,Emp_ID,Access_ID) VALUES (12346,500002,TO_DATE('12/10/2020', 'DD/MM/YYYY'),80010,301,2,5800,70000002,1030,1001830297);
INSERT INTO S22_S003_15_SALES_HISTORY(Purchase_ID,Cust_ID,Purchase_Date,Prod_ID,Category_ID,Quantity,Prod_Amt,License_Num,Emp_ID,Access_ID) VALUES (12347,500003,TO_DATE('17/01/2020', 'DD/MM/YYYY'),80012,302,10,5800,70000008,1009,1001830297);
INSERT INTO S22_S003_15_SALES_HISTORY(Purchase_ID,Cust_ID,Purchase_Date,Prod_ID,Category_ID,Quantity,Prod_Amt,License_Num,Emp_ID,Access_ID) VALUES (12348,500004,TO_DATE('25/04/2022', 'DD/MM/YYYY'),80006,301,12,2300,70000006,1034,1001830297);
INSERT INTO S22_S003_15_SALES_HISTORY(Purchase_ID,Cust_ID,Purchase_Date,Prod_ID,Category_ID,Quantity,Prod_Amt,License_Num,Emp_ID,Access_ID) VALUES (12349,500005,TO_DATE('16/02/2021', 'DD/MM/YYYY'),80016,303,2,5200,70000006,1038,1001830297);
INSERT INTO S22_S003_15_SALES_HISTORY(Purchase_ID,Cust_ID,Purchase_Date,Prod_ID,Category_ID,Quantity,Prod_Amt,License_Num,Emp_ID,Access_ID) VALUES (12350,500006,TO_DATE('12/01/2022', 'DD/MM/YYYY'),80017,303,3,4300,70000009,1010,1001830297);
INSERT INTO S22_S003_15_SALES_HISTORY(Purchase_ID,Cust_ID,Purchase_Date,Prod_ID,Category_ID,Quantity,Prod_Amt,License_Num,Emp_ID,Access_ID) VALUES (12351,500007,TO_DATE('26/02/2022', 'DD/MM/YYYY'),80024,304,5,4900,70000008,1016,1001830297);
INSERT INTO S22_S003_15_SALES_HISTORY(Purchase_ID,Cust_ID,Purchase_Date,Prod_ID,Category_ID,Quantity,Prod_Amt,License_Num,Emp_ID,Access_ID) VALUES (12352,500008,TO_DATE('14/03/2020', 'DD/MM/YYYY'),80027,305,11,7500,70000007,1008,1001830297);
INSERT INTO S22_S003_15_SALES_HISTORY(Purchase_ID,Cust_ID,Purchase_Date,Prod_ID,Category_ID,Quantity,Prod_Amt,License_Num,Emp_ID,Access_ID) VALUES (12353,500009,TO_DATE('30/02/2022', 'DD/MM/YYYY'),80019,303,12,4800,70000005,1021,1001830297);
INSERT INTO S22_S003_15_SALES_HISTORY(Purchase_ID,Cust_ID,Purchase_Date,Prod_ID,Category_ID,Quantity,Prod_Amt,License_Num,Emp_ID,Access_ID) VALUES (12354,500010,TO_DATE('23/11/2022', 'DD/MM/YYYY'),80028,305,10,4900,70000005,1033,1001830297);
INSERT INTO S22_S003_15_SALES_HISTORY(Purchase_ID,Cust_ID,Purchase_Date,Prod_ID,Category_ID,Quantity,Prod_Amt,License_Num,Emp_ID,Access_ID) VALUES (12355,500011,TO_DATE('25/10/2020', 'DD/MM/YYYY'),80030,305,5,3800,70000006,1041,1001830297);
INSERT INTO S22_S003_15_SALES_HISTORY(Purchase_ID,Cust_ID,Purchase_Date,Prod_ID,Category_ID,Quantity,Prod_Amt,License_Num,Emp_ID,Access_ID) VALUES (12356,500012,TO_DATE('29/02/2022', 'DD/MM/YYYY'),80024,304,3,4900,70000009,1014,1001830297);
INSERT INTO S22_S003_15_SALES_HISTORY(Purchase_ID,Cust_ID,Purchase_Date,Prod_ID,Category_ID,Quantity,Prod_Amt,License_Num,Emp_ID,Access_ID) VALUES (12357,500013,TO_DATE('30/01/2019', 'DD/MM/YYYY'),80032,306,4,4900,70000005,1021,1001830297);
INSERT INTO S22_S003_15_SALES_HISTORY(Purchase_ID,Cust_ID,Purchase_Date,Prod_ID,Category_ID,Quantity,Prod_Amt,License_Num,Emp_ID,Access_ID) VALUES (12358,500014,TO_DATE('21/02/2021', 'DD/MM/YYYY'),80034,306,7,3700,70000003,1025,1001830297);
INSERT INTO S22_S003_15_SALES_HISTORY(Purchase_ID,Cust_ID,Purchase_Date,Prod_ID,Category_ID,Quantity,Prod_Amt,License_Num,Emp_ID,Access_ID) VALUES (12359,500015,TO_DATE('08/10/2022', 'DD/MM/YYYY'),80035,306,5,3900,70000004,1013,1001830297);
INSERT INTO S22_S003_15_SALES_HISTORY(Purchase_ID,Cust_ID,Purchase_Date,Prod_ID,Category_ID,Quantity,Prod_Amt,License_Num,Emp_ID,Access_ID) VALUES (12360,500016,TO_DATE('07/11/2019', 'DD/MM/YYYY'),80034,306,8,3700,70000001,1011,1001830297);
INSERT INTO S22_S003_15_SALES_HISTORY(Purchase_ID,Cust_ID,Purchase_Date,Prod_ID,Category_ID,Quantity,Prod_Amt,License_Num,Emp_ID,Access_ID) VALUES (12361,500017,TO_DATE('06/11/2019', 'DD/MM/YYYY'),80037,307,7,5800,70000006,1034,1001830297);
INSERT INTO S22_S003_15_SALES_HISTORY(Purchase_ID,Cust_ID,Purchase_Date,Prod_ID,Category_ID,Quantity,Prod_Amt,License_Num,Emp_ID,Access_ID) VALUES (12362,500018,TO_DATE('05/10/2021', 'DD/MM/YYYY'),80038,307,4,4900,70000008,1016,1001830297);
INSERT INTO S22_S003_15_SALES_HISTORY(Purchase_ID,Cust_ID,Purchase_Date,Prod_ID,Category_ID,Quantity,Prod_Amt,License_Num,Emp_ID,Access_ID) VALUES (12363,500019,TO_DATE('25/02/2020', 'DD/MM/YYYY'),80028,305,4,4900,70000006,1007,1001830297);
INSERT INTO S22_S003_15_SALES_HISTORY(Purchase_ID,Cust_ID,Purchase_Date,Prod_ID,Category_ID,Quantity,Prod_Amt,License_Num,Emp_ID,Access_ID) VALUES (12364,500020,TO_DATE('02/11/2019', 'DD/MM/YYYY'),80035,306,1,3900,70000001,1019,1001830297);
INSERT INTO S22_S003_15_SALES_HISTORY(Purchase_ID,Cust_ID,Purchase_Date,Prod_ID,Category_ID,Quantity,Prod_Amt,License_Num,Emp_ID,Access_ID) VALUES (12365,500021,TO_DATE('12/01/2019', 'DD/MM/YYYY'),80037,307,3,5800,70000006,1017,1001830297);
INSERT INTO S22_S003_15_SALES_HISTORY(Purchase_ID,Cust_ID,Purchase_Date,Prod_ID,Category_ID,Quantity,Prod_Amt,License_Num,Emp_ID,Access_ID) VALUES (12366,500022,TO_DATE('05/01/2021', 'DD/MM/YYYY'),80038,307,1,4900,70000003,1031,1001830297);
INSERT INTO S22_S003_15_SALES_HISTORY(Purchase_ID,Cust_ID,Purchase_Date,Prod_ID,Category_ID,Quantity,Prod_Amt,License_Num,Emp_ID,Access_ID) VALUES (12367,500023,TO_DATE('06/01/2019', 'DD/MM/YYYY'),80040,307,1,6900,70000002,1012,1001830297);
INSERT INTO S22_S003_15_SALES_HISTORY(Purchase_ID,Cust_ID,Purchase_Date,Prod_ID,Category_ID,Quantity,Prod_Amt,License_Num,Emp_ID,Access_ID) VALUES (12368,500024,TO_DATE('09/02/2020', 'DD/MM/YYYY'),80042,308,2,6700,70000009,1023,1001830297);
INSERT INTO S22_S003_15_SALES_HISTORY(Purchase_ID,Cust_ID,Purchase_Date,Prod_ID,Category_ID,Quantity,Prod_Amt,License_Num,Emp_ID,Access_ID) VALUES (12369,500025,TO_DATE('11/10/2019', 'DD/MM/YYYY'),80031,306,7,4300,70000008,1009,1001830297);
INSERT INTO S22_S003_15_SALES_HISTORY(Purchase_ID,Cust_ID,Purchase_Date,Prod_ID,Category_ID,Quantity,Prod_Amt,License_Num,Emp_ID,Access_ID) VALUES (12370,500026,TO_DATE('16/11/2021', 'DD/MM/YYYY'),80044,308,5,7800,70000007,1018,1001830297);
INSERT INTO S22_S003_15_SALES_HISTORY(Purchase_ID,Cust_ID,Purchase_Date,Prod_ID,Category_ID,Quantity,Prod_Amt,License_Num,Emp_ID,Access_ID) VALUES (12371,500027,TO_DATE('25/01/2022', 'DD/MM/YYYY'),80046,309,6,4900,70000001,1024,1001830297);
INSERT INTO S22_S003_15_SALES_HISTORY(Purchase_ID,Cust_ID,Purchase_Date,Prod_ID,Category_ID,Quantity,Prod_Amt,License_Num,Emp_ID,Access_ID) VALUES (12372,500028,TO_DATE('13/02/2022', 'DD/MM/YYYY'),80048,309,4,5900,70000009,1040,1001830297);
INSERT INTO S22_S003_15_SALES_HISTORY(Purchase_ID,Cust_ID,Purchase_Date,Prod_ID,Category_ID,Quantity,Prod_Amt,License_Num,Emp_ID,Access_ID) VALUES (12373,500029,TO_DATE('18/10/2022', 'DD/MM/YYYY'),80050,309,1,6900,70000003,1042,1001830297);
INSERT INTO S22_S003_15_SALES_HISTORY(Purchase_ID,Cust_ID,Purchase_Date,Prod_ID,Category_ID,Quantity,Prod_Amt,License_Num,Emp_ID,Access_ID) VALUES (12374,500030,TO_DATE('13/02/2021', 'DD/MM/YYYY'),80005,30,6,3900,70000002,1030,1001830297);
INSERT INTO S22_S003_15_SALES_HISTORY(Purchase_ID,Cust_ID,Purchase_Date,Prod_ID,Category_ID,Quantity,Prod_Amt,License_Num,Emp_ID,Access_ID) VALUES (12375,500031,TO_DATE('14/11/2019', 'DD/MM/YYYY'),80003,300,4,2600,70000002,1003,1001830297);
INSERT INTO S22_S003_15_SALES_HISTORY(Purchase_ID,Cust_ID,Purchase_Date,Prod_ID,Category_ID,Quantity,Prod_Amt,License_Num,Emp_ID,Access_ID) VALUES (12376,500032,TO_DATE('02/10/2020', 'DD/MM/YYYY'),80006,301,7,5300,70000004,1020,1001830297);
INSERT INTO S22_S003_15_SALES_HISTORY(Purchase_ID,Cust_ID,Purchase_Date,Prod_ID,Category_ID,Quantity,Prod_Amt,License_Num,Emp_ID,Access_ID) VALUES (12377,500033,TO_DATE('06/02/2022', 'DD/MM/YYYY'),80009,301,12,3500,70000006,1022,1001830297);
INSERT INTO S22_S003_15_SALES_HISTORY(Purchase_ID,Cust_ID,Purchase_Date,Prod_ID,Category_ID,Quantity,Prod_Amt,License_Num,Emp_ID,Access_ID) VALUES (12378,500034,TO_DATE('07/11/2021', 'DD/MM/YYYY'),80011,302,13,4800,70000005,1021,1001830297);
INSERT INTO S22_S003_15_SALES_HISTORY(Purchase_ID,Cust_ID,Purchase_Date,Prod_ID,Category_ID,Quantity,Prod_Amt,License_Num,Emp_ID,Access_ID) VALUES (12379,500035,TO_DATE('08/01/2019', 'DD/MM/YYYY'),80013,302,11,6500,70000009,1014,1001830297);
INSERT INTO S22_S003_15_SALES_HISTORY(Purchase_ID,Cust_ID,Purchase_Date,Prod_ID,Category_ID,Quantity,Prod_Amt,License_Num,Emp_ID,Access_ID) VALUES (12380,500036,TO_DATE('05/02/2021', 'DD/MM/YYYY'),80015,302,10,5300,70000003,1031,1001830297);
INSERT INTO S22_S003_15_SALES_HISTORY(Purchase_ID,Cust_ID,Purchase_Date,Prod_ID,Category_ID,Quantity,Prod_Amt,License_Num,Emp_ID,Access_ID) VALUES (12381,500037,TO_DATE('01/04/2020', 'DD/MM/YYYY'),80010,301,1,5800,70000005,1021,1001830297);
INSERT INTO S22_S003_15_SALES_HISTORY(Purchase_ID,Cust_ID,Purchase_Date,Prod_ID,Category_ID,Quantity,Prod_Amt,License_Num,Emp_ID,Access_ID) VALUES (12382,500038,TO_DATE('07/01/2020', 'DD/MM/YYYY'),80018,303,13,3200,70000004,1020,1001830297);
INSERT INTO S22_S003_15_SALES_HISTORY(Purchase_ID,Cust_ID,Purchase_Date,Prod_ID,Category_ID,Quantity,Prod_Amt,License_Num,Emp_ID,Access_ID) VALUES (12383,500039,TO_DATE('12/11/2022', 'DD/MM/YYYY'),80020,303,2,4500,70000007,1018,1001830297);
INSERT INTO S22_S003_15_SALES_HISTORY(Purchase_ID,Cust_ID,Purchase_Date,Prod_ID,Category_ID,Quantity,Prod_Amt,License_Num,Emp_ID,Access_ID) VALUES (12384,500040,TO_DATE('17/10/2021', 'DD/MM/YYYY'),80014,302,7,4300,70000006,1017,1001830297);
INSERT INTO S22_S003_15_SALES_HISTORY(Purchase_ID,Cust_ID,Purchase_Date,Prod_ID,Category_ID,Quantity,Prod_Amt,License_Num,Emp_ID,Access_ID) VALUES (12385,500041,TO_DATE('19/10/2019', 'DD/MM/YYYY'),80023,304,3,3700,70000008,1016,1001830297);
INSERT INTO S22_S003_15_SALES_HISTORY(Purchase_ID,Cust_ID,Purchase_Date,Prod_ID,Category_ID,Quantity,Prod_Amt,License_Num,Emp_ID,Access_ID) VALUES (12386,500042,TO_DATE('20/01/2020', 'DD/MM/YYYY'),80025,304,8,5900,70000006,1022,1001830297);
INSERT INTO S22_S003_15_SALES_HISTORY(Purchase_ID,Cust_ID,Purchase_Date,Prod_ID,Category_ID,Quantity,Prod_Amt,License_Num,Emp_ID,Access_ID) VALUES (12387,500007,TO_DATE('01/01/2021', 'DD/MM/YYYY'),80038,307,7,4900,70000000,1001,1001830297);
INSERT INTO S22_S003_15_SALES_HISTORY(Purchase_ID,Cust_ID,Purchase_Date,Prod_ID,Category_ID,Quantity,Prod_Amt,License_Num,Emp_ID,Access_ID) VALUES (12388,500012,TO_DATE('08/01/2019', 'DD/MM/YYYY'),80040,307,9,6900,70000008,1009,1001830297);
INSERT INTO S22_S003_15_SALES_HISTORY(Purchase_ID,Cust_ID,Purchase_Date,Prod_ID,Category_ID,Quantity,Prod_Amt,License_Num,Emp_ID,Access_ID) VALUES (12389,500042,TO_DATE('06/02/2020', 'DD/MM/YYYY'),80042,308,4,6700,70000004,1005,1001830297);
INSERT INTO S22_S003_15_SALES_HISTORY(Purchase_ID,Cust_ID,Purchase_Date,Prod_ID,Category_ID,Quantity,Prod_Amt,License_Num,Emp_ID,Access_ID) VALUES (12390,500012,TO_DATE('07/10/2019', 'DD/MM/YYYY'),80031,306,6,4300,70000004,1013,1001830297);
INSERT INTO S22_S003_15_SALES_HISTORY(Purchase_ID,Cust_ID,Purchase_Date,Prod_ID,Category_ID,Quantity,Prod_Amt,License_Num,Emp_ID,Access_ID) VALUES (12391,500013,TO_DATE('08/11/2021', 'DD/MM/YYYY'),80044,308,4,7800,70000006,1017,1001830297);
INSERT INTO S22_S003_15_SALES_HISTORY(Purchase_ID,Cust_ID,Purchase_Date,Prod_ID,Category_ID,Quantity,Prod_Amt,License_Num,Emp_ID,Access_ID) VALUES (12392,500017,TO_DATE('01/01/2022', 'DD/MM/YYYY'),80046,309,4,4900,70000004,1020,1001830297);
INSERT INTO S22_S003_15_SALES_HISTORY(Purchase_ID,Cust_ID,Purchase_Date,Prod_ID,Category_ID,Quantity,Prod_Amt,License_Num,Emp_ID,Access_ID) VALUES (12393,500011,TO_DATE('01/02/2022', 'DD/MM/YYYY'),80048,309,5,5900,70000001,1024,1001830297);
INSERT INTO S22_S003_15_SALES_HISTORY(Purchase_ID,Cust_ID,Purchase_Date,Prod_ID,Category_ID,Quantity,Prod_Amt,License_Num,Emp_ID,Access_ID) VALUES (12394,500003,TO_DATE('03/10/2022', 'DD/MM/YYYY'),80050,309,6,6900,70000001,1027,1001830297);
INSERT INTO S22_S003_15_SALES_HISTORY(Purchase_ID,Cust_ID,Purchase_Date,Prod_ID,Category_ID,Quantity,Prod_Amt,License_Num,Emp_ID,Access_ID) VALUES (12395,500008,TO_DATE('14/02/2021', 'DD/MM/YYYY'),80005,30,7,3900,70000003,1031,1001830297);
INSERT INTO S22_S003_15_SALES_HISTORY(Purchase_ID,Cust_ID,Purchase_Date,Prod_ID,Category_ID,Quantity,Prod_Amt,License_Num,Emp_ID,Access_ID) VALUES (12396,500009,TO_DATE('01/11/2019', 'DD/MM/YYYY'),80003,300,6,2600,70000001,1024,1001830297);
INSERT INTO S22_S003_15_SALES_HISTORY(Purchase_ID,Cust_ID,Purchase_Date,Prod_ID,Category_ID,Quantity,Prod_Amt,License_Num,Emp_ID,Access_ID) VALUES (12397,500017,TO_DATE('25/10/2020', 'DD/MM/YYYY'),80006,301,3,5300,70000001,1036,1001830297);
INSERT INTO S22_S003_15_SALES_HISTORY(Purchase_ID,Cust_ID,Purchase_Date,Prod_ID,Category_ID,Quantity,Prod_Amt,License_Num,Emp_ID,Access_ID) VALUES (12398,500033,TO_DATE('15/02/2022', 'DD/MM/YYYY'),80009,301,1,3500,70000001,1027,1001830297);
INSERT INTO S22_S003_15_SALES_HISTORY(Purchase_ID,Cust_ID,Purchase_Date,Prod_ID,Category_ID,Quantity,Prod_Amt,License_Num,Emp_ID,Access_ID) VALUES (12399,500035,TO_DATE('25/11/2021', 'DD/MM/YYYY'),80011,302,13,4800,70000005,1037,1001830297);
INSERT INTO S22_S003_15_SALES_HISTORY(Purchase_ID,Cust_ID,Purchase_Date,Prod_ID,Category_ID,Quantity,Prod_Amt,License_Num,Emp_ID,Access_ID) VALUES (12400,500036,TO_DATE('22/01/2019', 'DD/MM/YYYY'),80013,302,20,6500,70000005,1040,1001830297);
INSERT INTO S22_S003_15_SALES_HISTORY(Purchase_ID,Cust_ID,Purchase_Date,Prod_ID,Category_ID,Quantity,Prod_Amt,License_Num,Emp_ID,Access_ID) VALUES (12401,500039,TO_DATE('27/02/2021', 'DD/MM/YYYY'),80015,302,4,5300,70000006,1038,1001830297);
INSERT INTO S22_S003_15_SALES_HISTORY(Purchase_ID,Cust_ID,Purchase_Date,Prod_ID,Category_ID,Quantity,Prod_Amt,License_Num,Emp_ID,Access_ID) VALUES (12402,500040,TO_DATE('01/04/2020', 'DD/MM/YYYY'),80010,301,6,5800,70000003,1042,1001830297);
INSERT INTO S22_S003_15_SALES_HISTORY(Purchase_ID,Cust_ID,Purchase_Date,Prod_ID,Category_ID,Quantity,Prod_Amt,License_Num,Emp_ID,Access_ID) VALUES (12403,500013,TO_DATE('28/01/2020', 'DD/MM/YYYY'),80018,303,4,3200,70000009,1010,1001830297);
INSERT INTO S22_S003_15_SALES_HISTORY(Purchase_ID,Cust_ID,Purchase_Date,Prod_ID,Category_ID,Quantity,Prod_Amt,License_Num,Emp_ID,Access_ID) VALUES (12404,500038,TO_DATE('26/11/2022', 'DD/MM/YYYY'),80020,303,4,4500,70000009,1014,1001830297);
INSERT INTO S22_S003_15_SALES_HISTORY(Purchase_ID,Cust_ID,Purchase_Date,Prod_ID,Category_ID,Quantity,Prod_Amt,License_Num,Emp_ID,Access_ID) VALUES (12405,500029,TO_DATE('22/10/2021', 'DD/MM/YYYY'),80014,302,6,4300,70000000,1015,1001830297);
INSERT INTO S22_S003_15_SALES_HISTORY(Purchase_ID,Cust_ID,Purchase_Date,Prod_ID,Category_ID,Quantity,Prod_Amt,License_Num,Emp_ID,Access_ID) VALUES (12406,500022,TO_DATE('29/10/2019', 'DD/MM/YYYY'),80023,304,6,3700,70000001,1024,1001830297);
-- checking check constraint
INSERT INTO S22_S003_15_SALES_HISTORY(Purchase_ID,Cust_ID,Purchase_Date,Prod_ID,Category_ID,Quantity,Prod_Amt,License_Num,Emp_ID,Access_ID) VALUES (12407,500012,TO_DATE('31/01/2020', 'DD/MM/YYYY'),80025,304,7,5900,70000005,1006,100183029);


